id,name,rate
1000,Alabama,10
1001,Autauga,1
1003,Baldwin,1
1005,Barbour,1
1007,Bibb,1
1009,Blount,1
1011,Bullock,1
1013,Butler,1
1015,Calhoun,20
1017,Chambers,1
1019,Cherokee,1
1021,Chilton,1
1023,Choctaw,1
1025,Clarke,1
1027,Clay,1
1029,Cleburne,1
1031,Coffee,1
1033,Colbert,1
1035,Conecuh,30
1037,Coosa,1
1039,Covington,1
1041,Crenshaw,1
1043,Cullman,1
1045,Dale,1
1047,Dallas,1
1049,De Kalb,1
1051,Elmore,1
1053,Escambia,1
1055,Etowah,10
1057,Fayette,1
1059,Franklin,1
1061,Geneva,1
1063,Greene,1
1065,Hale,1
1067,Henry,1
1069,Houston,1
1071,Jackson,1
1073,Jefferson,1
1075,Lamar,20
1077,Lauderdale,1
1079,Lawrence,1
1081,Lee,1
1083,Limestone,1
1085,Lowndes,1
1087,Macon,1
1089,Madison,1
1091,Marengo,1
1093,Marion,1
1095,Marshall,30
1097,Mobile,1
1099,Monroe,1
1101,Montgomery,1
1103,Morgan,1
1105,Perry,1
1107,Pickens,1
1109,Pike,1
1111,Randolph,1
1113,Russell,1
1115,St. Clair,10
1117,Shelby,1
1119,Sumter,1
1121,Talladega,1
1123,Tallapoosa,1
1125,Tuscaloosa,1
1127,Walker,1
1129,Washington,1
1131,Wilcox,1
1133,Winston,1
2000,Alaska,20
2013,Aleutians East,1
2016,Aleutians West,1
2020,Anchorage,1
2050,Bethel,1
2060,Bristol Bay,1
2068,Denali,1
2070,Dillingham,1
2090,Fairbanks North Star,1
2100,Haines,1
2110,Juneau,30
2122,Kenai Peninsula,1
2130,Ketchikan Gateway,1
2150,Kodiak Island,1
2164,Lake and Peninsula,1
2170,Matanuska-Susitna,1
2180,Nome,1
2185,North Slope,1
2188,Northwest Arctic,1
2201,Prince of Wales-Outer Ketchikan,1
2220,Sitka,10
2232,Skagway-Hoonah-Angoon,1
2240,Southeast Fairbanks,1
2261,Valdez-Cordova,1
2270,Wade Hampton,1
2280,Wrangell-Petersburg,1
2282,Yakutat,1
2290,Yukon-Koyukuk,1
4000,Arizona,1
4001,Apache,1
4003,Cochise,20
4005,Coconino,1
4007,Gila,1
4009,Graham,1
4011,Greenlee,1
4012,La Paz,1
4013,Maricopa,1
4015,Mohave,1
4017,Navajo,1
4019,Pima,1
4021,Pinal,30
4023,Santa Cruz,1
4025,Yavapai,1
4027,Yuma,1
5000,Arkansas,1
5001,Arkansas,1
5003,Ashley,1
5005,Baxter,1
5007,Benton,1
5009,Boone,1
5011,Bradley,10
5013,Calhoun,1
5015,Carroll,1
5017,Chicot,1
5019,Clark,1
5021,Clay,1
5023,Cleburne,1
5025,Cleveland,1
5027,Columbia,1
5029,Conway,1
5031,Craighead,20
5033,Crawford,1
5035,Crittenden,1
5037,Cross,1
5039,Dallas,1
5041,Desha,1
5043,Drew,1
5045,Faulkner,1
5047,Franklin,1
5049,Fulton,1
5051,Garland,30
5053,Grant,1
5055,Greene,1
5057,Hempstead,1
5059,Hot Spring,1
5061,Howard,1
5063,Independence,1
5065,Izard,1
5067,Jackson,1
5069,Jefferson,1
5071,Johnson,10
5073,Lafayette,1
5075,Lawrence,1
5077,Lee,1
5079,Lincoln,1
5081,Little River,1
5083,Logan,1
5085,Lonoke,1
5087,Madison,1
5089,Marion,1
5091,Miller,20
5093,Mississippi,1
5095,Monroe,1
5097,Montgomery,1
5099,Nevada,1
5101,Newton,1
5103,Ouachita,1
5105,Perry,1
5107,Phillips,1
5109,Pike,1
5111,Poinsett,30
5113,Polk,1
5115,Pope,1
5117,Prairie,1
5119,Pulaski,1
5121,Randolph,1
5123,St. Francis,1
5125,Saline,1
5127,Scott,2
5129,Searcy,1
5131,Sebastian,10
5133,Sevier,1
5135,Sharp,1
5137,Stone,1
5139,Union,1
5141,Van Buren,1
5143,Washington,1
5145,White,1
5147,Woodruff,1
5149,Yell,1
6000,California,20
6001,Alameda,1
6003,Alpine,1
6005,Amador,1
6007,Butte,1
6009,Calaveras,1
6011,Colusa,1
6013,Contra Costa,1
6015,Del Norte,1
6017,El Dorado,1
6019,Fresno,30
6021,Glenn,1
6023,Humboldt,1
6025,Imperial,1
6027,Inyo,1
6029,Kern,1
6031,Kings,1
6033,Lake,1
6035,Lassen,1
6037,Los Angeles,1
6039,Madera,10
6041,Marin,1
6043,Mariposa,1
6045,Mendocino,1
6047,Merced,1
6049,Modoc,1
6051,Mono,1
6053,Monterey,1
6055,Napa,1
6057,Nevada,1
6059,Orange,20
6061,Placer,1
6063,Plumas,1
6065,Riverside,1
6067,Sacramento,1
6069,San Benito,1
6071,San Bernardino,1
6073,San Diego,1
6075,San Francisco,1
6077,San Joaquin,1
6079,San Luis Obispo,30
6081,San Mateo,1
6083,Santa Barbara,1
6085,Santa Clara,1
6087,Santa Cruz,1
6089,Shasta,1
6091,Sierra,1
6093,Siskiyou,1
6095,Solano,1
6097,Sonoma,1
6099,Stanislaus,10
6101,Sutter,1
6103,Tehama,1
6105,Trinity,1
6107,Tulare,1
6109,Tuolumne,1
6111,Ventura,1
6113,Yolo,1
6115,Yuba,1
8000,Colorado,1
8001,Adams,20
8003,Alamosa,1
8005,Arapahoe,1
8007,Archuleta,1
8009,Baca,1
8011,Bent,1
8013,Boulder,1
8015,Chaffee,1
8017,Cheyenne,1
8019,Clear Creek,1
8021,Conejos,30
8023,Costilla,1
8025,Crowley,1
8027,Custer,1
8029,Delta,1
8031,Denver,1
8033,Dolores,1
8035,Douglas,1
8037,Eagle,1
8039,Elbert,1
8041,El Paso,10
8043,Fremont,1
8045,Garfield,1
8047,Gilpin,1
8049,Grand,1
8051,Gunnison,1
8053,Hinsdale,1
8055,Huerfano,1
8057,Jackson,1
8059,Jefferson,1
8061,Kiowa,20
8063,Kit Carson,1
8065,Lake,1
8067,La Plata,1
8069,Larimer,1
8071,Las Animas,1
8073,Lincoln,1
8075,Logan,1
8077,Mesa,1
8079,Mineral,30
8081,Moffat,1
8083,Montezuma,1
8085,Montrose,1
8087,Morgan,1
8089,Otero,1
8091,Ouray,1
8093,Park,1
8095,Phillips,1
8097,Pitkin,1
8099,Prowers,1
8101,Pueblo,10
8103,Rio Blanco,1
8105,Rio Grande,1
8107,Routt,1
8109,Saguache,1
8111,San Juan,1
8113,San Miguel,1
8115,Sedgwick,1
8117,Summit,1
8119,Teller,1
8121,Washington,20
8123,Weld,1
8125,Yuma,1
9000,Connecticut,1
9001,Fairfield,1
9003,Hartford,1
9005,Litchfield,1
9007,Middlesex,1
9009,New Haven,1
9011,New London,1
9013,Tolland,30
9015,Windham,1
10000,Delaware,1
10001,Kent,1
10003,New Castle,1
10005,Sussex,1
11000,District of Columbia,1
11001,District of Columbia,1
12000,Florida,1
12001,Alachua,1
12003,Baker,10
12005,Bay,1
12007,Bradford,1
12009,Brevard,5
12011,Broward,30
12013,Calhoun,1
12015,Charlotte,1
12017,Citrus,1
12019,Clay,1
12021,Collier,1
12023,Columbia,20
12025,Dade,1
12027,De Soto,1
12029,Dixie,1
12031,Duval,1
12033,Escambia,1
12035,Flagler,1
12037,Franklin,1
12039,Gadsden,1
12041,Gilchrist,1
12043,Glades,30
12045,Gulf,1
12047,Hamilton,1
12049,Hardee,1
12051,Hendry,1
12053,Hernando,1
12055,Highlands,1
12057,Hillsborough,1
12059,Holmes,1
12061,Indian River,3
12063,Jackson,10
12065,Jefferson,1
12067,Lafayette,1
12069,Lake,1
12071,Lee,1
12073,Leon,1
12075,Levy,1
12077,Liberty,1
12079,Madison,1
12081,Manatee,1
12083,Marion,20
12085,Martin,1
12087,Monroe,1
12089,Nassau,1
12091,Okaloosa,1
12093,Okeechobee,1
12095,Orange,1
12097,Osceola,1
12099,Palm Beach,5
12101,Pasco,1
12103,Pinellas,30
12105,Polk,1
12107,Putnam,1
12109,St. Johns,1
12111,St. Lucie,1
12113,Santa Rosa,1
12115,Sarasota,1
12117,Seminole,1
12119,Sumter,1
12121,Suwannee,1
12123,Taylor,10
12125,Union,1
12127,Volusia,1
12129,Wakulla,1
12131,Walton,1
12133,Washington,1
13000,Georgia,1
13001,Appling,1
13003,Atkinson,1
13005,Bacon,1
13007,Baker,20
13009,Baldwin,1
13011,Banks,1
13013,Barrow,1
13015,Bartow,1
13017,Ben Hill,1
13019,Berrien,1
13021,Bibb,1
13023,Bleckley,1
13025,Brantley,1
13027,Brooks,30
13029,Bryan,1
13031,Bulloch,1
13033,Burke,1
13035,Butts,1
13037,Calhoun,1
13039,Camden,1
13043,Candler,1
13045,Carroll,1
13047,Catoosa,1
13049,Charlton,10
13051,Chatham,1
13053,Chattahoochee,1
13055,Chattooga,1
13057,Cherokee,1
13059,Clarke,1
13061,Clay,1
13063,Clayton,1
13065,Clinch,1
13067,Cobb,1
13069,Coffee,20
13071,Colquitt,1
13073,Columbia,1
13075,Cook,1
13077,Coweta,1
13079,Crawford,1
13081,Crisp,1
13083,Dade,1
13085,Dawson,1
13087,Decatur,1
13089,De Kalb,30
13091,Dodge,1
13093,Dooly,1
13095,Dougherty,1
13097,Douglas,1
13099,Early,1
13101,Echols,1
13103,Effingham,1
13105,Elbert,1
13107,Emanuel,1
13109,Evans,10
13111,Fannin,1
13113,Fayette,1
13115,Floyd,1
13117,Forsyth,1
13119,Franklin,1
13121,Fulton,1
13123,Gilmer,1
13125,Glascock,1
13127,Glynn,1
13129,Gordon,20
13131,Grady,1
13133,Greene,1
13135,Gwinnett,1
13137,Habersham,1
13139,Hall,1
13141,Hancock,1
13143,Haralson,1
13145,Harris,1
13147,Hart,1
13149,Heard,30
13151,Henry,1
13153,Houston,1
13155,Irwin,1
13157,Jackson,1
13159,Jasper,1
13161,Jeff Davis,1
13163,Jefferson,1
13165,Jenkins,1
13167,Johnson,1
13169,Jones,10
13171,Lamar,1
13173,Lanier,1
13175,Laurens,1
13177,Lee,1
13179,Liberty,1
13181,Lincoln,1
13183,Long,1
13185,Lowndes,1
13187,Lumpkin,1
13189,McDuffie,20
13191,McIntosh,1
13193,Macon,1
13195,Madison,1
13197,Marion,1
13199,Meriwether,1
13201,Miller,1
13205,Mitchell,1
13207,Monroe,1
13209,Montgomery,1
13211,Morgan,30
13213,Murray,1
13215,Muscogee,1
13217,Newton,1
13219,Oconee,1
13221,Oglethorpe,1
13223,Paulding,1
13225,Peach,1
13227,Pickens,1
13229,Pierce,1
13231,Pike,10
13233,Polk,1
13235,Pulaski,1
13237,Putnam,1
13239,Quitman,1
13241,Rabun,1
13243,Randolph,1
13245,Richmond,1
13247,Rockdale,1
13249,Schley,1
13251,Screven,20
13253,Seminole,1
13255,Spalding,1
13257,Stephens,1
13259,Stewart,1
13261,Sumter,1
13263,Talbot,1
13265,Taliaferro,1
13267,Tattnall,1
13269,Taylor,1
13271,Telfair,30
13273,Terrell,1
13275,Thomas,1
13277,Tift,1
13279,Toombs,1
13281,Towns,1
13283,Treutlen,1
13285,Troup,1
13287,Turner,1
13289,Twiggs,1
13291,Union,10
13293,Upson,1
13295,Walker,1
13297,Walton,1
13299,Ware,1
13301,Warren,1
13303,Washington,1
13305,Wayne,1
13307,Webster,1
13309,Wheeler,1
13311,White,20
13313,Whitfield,1
13315,Wilcox,1
13317,Wilkes,1
13319,Wilkinson,1
13321,Worth,1
15000,Hawaii,1
15001,Hawaii,1
15003,Honolulu,1
15005,Kalawao,1
15007,Kauai,30
15009,Maui,1
16000,Idaho,1
16001,Ada,1
16003,Adams,1
16005,Bannock,1
16007,Bear Lake,1
16009,Benewah,1
16011,Bingham,1
16013,Blaine,1
16015,Boise,10
16017,Bonner,1
16019,Bonneville,1
16021,Boundary,1
16023,Butte,1
16025,Camas,1
16027,Canyon,1
16029,Caribou,1
16031,Cassia,1
16033,Clark,1
16035,Clearwater,20
16037,Custer,1
16039,Elmore,1
16041,Franklin,1
16043,Fremont,1
16045,Gem,1
16047,Gooding,1
16049,Idaho,1
16051,Jefferson,1
16053,Jerome,1
16055,Kootenai,30
16057,Latah,1
16059,Lemhi,1
16061,Lewis,1
16063,Lincoln,1
16065,Madison,1
16067,Minidoka,1
16069,Nez Perce,1
16071,Oneida,1
16073,Owyhee,1
16075,Payette,10
16077,Power,1
16079,Shoshone,1
16081,Teton,1
16083,Twin Falls,1
16085,Valley,1
16087,Washington,1
17000,Illinois,1
17001,Adams,1
17003,Alexander,1
17005,Bond,20
17007,Boone,1
17009,Brown,1
17011,Bureau,1
17013,Calhoun,1
17015,Carroll,1
17017,Cass,1
17019,Champaign,1
17021,Christian,1
17023,Clark,1
17025,Clay,30
17027,Clinton,1
17029,Coles,1
17031,Cook,1
17033,Crawford,1
17035,Cumberland,1
17037,DeKalb,1
17039,De Witt,1
17041,Douglas,1
17043,DuPage,1
17045,Edgar,10
17047,Edwards,1
17049,Effingham,1
17051,Fayette,1
17053,Ford,1
17055,Franklin,1
17057,Fulton,1
17059,Gallatin,1
17061,Greene,1
17063,Grundy,1
17065,Hamilton,20
17067,Hancock,1
17069,Hardin,1
17071,Henderson,1
17073,Henry,1
17075,Iroquois,1
17077,Jackson,1
17079,Jasper,1
17081,Jefferson,1
17083,Jersey,1
17085,Jo Daviess,30
17087,Johnson,1
17089,Kane,1
17091,Kankakee,1
17093,Kendall,1
17095,Knox,1
17097,Lake,1
17099,La Salle,1
17101,Lawrence,1
17103,Lee,1
17105,Livingston,10
17107,Logan,1
17109,McDonough,1
17111,McHenry,1
17113,McLean,1
17115,Macon,1
17117,Macoupin,1
17119,Madison,1
17121,Marion,1
17123,Marshall,1
17125,Mason,20
17127,Massac,1
17129,Menard,1
17131,Mercer,1
17133,Monroe,1
17135,Montgomery,1
17137,Morgan,1
17139,Moultrie,1
17141,Ogle,1
17143,Peoria,1
17145,Perry,30
17147,Piatt,1
17149,Pike,1
17151,Pope,1
17153,Pulaski,1
17155,Putnam,1
17157,Randolph,1
17159,Richland,1
17161,Rock Island,1
17163,St. Clair,1
17165,Saline,10
17167,Sangamon,1
17169,Schuyler,1
17171,Scott,2
17173,Shelby,1
17175,Stark,1
17177,Stephenson,1
17179,Tazewell,1
17181,Union,1
17183,Vermilion,1
17185,Wabash,20
17187,Warren,1
17189,Washington,1
17191,Wayne,1
17193,White,1
17195,Whiteside,1
17197,Will,1
17199,Williamson,1
17201,Winnebago,1
17203,Woodford,1
18000,Indiana,30
18001,Adams,1
18003,Allen,1
18005,Bartholomew,1
18007,Benton,1
18009,Blackford,1
18011,Boone,1
18013,Brown,1
18015,Carroll,1
18017,Cass,1
18019,Clark,10
18021,Clay,1
18023,Clinton,1
18025,Crawford,1
18027,Daviess,1
18029,Dearborn,1
18031,Decatur,1
18033,De Kalb,1
18035,Delaware,1
18037,Dubois,1
18039,Elkhart,20
18041,Fayette,1
18043,Floyd,1
18045,Fountain,1
18047,Franklin,1
18049,Fulton,1
18051,Gibson,1
18053,Grant,1
18055,Greene,1
18057,Hamilton,1
18059,Hancock,30
18061,Harrison,1
18063,Hendricks,1
18065,Henry,1
18067,Howard,1
18069,Huntington,1
18071,Jackson,1
18073,Jasper,1
18075,Jay,1
18077,Jefferson,1
18079,Jennings,10
18081,Johnson,1
18083,Knox,1
18085,Kosciusko,1
18087,Lagrange,1
18089,Lake,1
18091,La Porte,1
18093,Lawrence,1
18095,Madison,1
18097,Marion,1
18099,Marshall,20
18101,Martin,1
18103,Miami,12
18105,Monroe,1
18107,Montgomery,1
18109,Morgan,1
18111,Newton,1
18113,Noble,1
18115,Ohio,1
18117,Orange,1
18119,Owen,30
18121,Parke,1
18123,Perry,1
18125,Pike,1
18127,Porter,1
18129,Posey,1
18131,Pulaski,1
18133,Putnam,1
18135,Randolph,1
18137,Ripley,1
18139,Rush,10
18141,St. Joseph,1
18143,Scott,2
18145,Shelby,1
18147,Spencer,1
18149,Starke,1
18151,Steuben,1
18153,Sullivan,1
18155,Switzerland,1
18157,Tippecanoe,1
18159,Tipton,20
18161,Union,1
18163,Vanderburgh,1
18165,Vermillion,1
18167,Vigo,1
18169,Wabash,1
18171,Warren,1
18173,Warrick,1
18175,Washington,1
18177,Wayne,1
18179,Wells,30
18181,White,1
18183,Whitley,1
19000,Iowa,1
19001,Adair,1
19003,Adams,1
19005,Allamakee,1
19007,Appanoose,1
19009,Audubon,1
19011,Benton,1
19013,Black Hawk,10
19015,Boone,1
19017,Bremer,1
19019,Buchanan,1
19021,Buena Vista,1
19023,Butler,1
19025,Calhoun,1
19027,Carroll,1
19029,Cass,1
19031,Cedar,1
19033,Cerro Gordo,20
19035,Cherokee,1
19037,Chickasaw,1
19039,Clarke,1
19041,Clay,1
19043,Clayton,1
19045,Clinton,1
19047,Crawford,1
19049,Dallas,1
19051,Davis,1
19053,Decatur,30
19055,Delaware,1
19057,Des Moines,1
19059,Dickinson,1
19061,Dubuque,1
19063,Emmet,1
19065,Fayette,1
19067,Floyd,1
19069,Franklin,1
19071,Fremont,1
19073,Greene,10
19075,Grundy,1
19077,Guthrie,1
19079,Hamilton,1
19081,Hancock,1
19083,Hardin,1
19085,Harrison,1
19087,Henry,1
19089,Howard,1
19091,Humboldt,1
19093,Ida,20
19095,Iowa,1
19097,Jackson,1
19099,Jasper,1
19101,Jefferson,1
19103,Johnson,1
19105,Jones,1
19107,Keokuk,1
19109,Kossuth,1
19111,Lee,1
19113,Linn,30
19115,Louisa,1
19117,Lucas,1
19119,Lyon,1
19121,Madison,1
19123,Mahaska,1
19125,Marion,1
19127,Marshall,1
19129,Mills,1
19131,Mitchell,1
19133,Monona,10
19135,Monroe,1
19137,Montgomery,1
19139,Muscatine,1
19141,O'Brien,1
19143,Osceola,1
19145,Page,1
19147,Palo Alto,1
19149,Plymouth,1
19151,Pocahontas,1
19153,Polk,20
19155,Pottawattamie,1
19157,Poweshiek,1
19159,Ringgold,1
19161,Sac,1
19163,Scott,2
19165,Shelby,1
19167,Sioux,1
19169,Story,1
19171,Tama,1
19173,Taylor,30
19175,Union,1
19177,Van Buren,1
19179,Wapello,1
19181,Warren,1
19183,Washington,1
19185,Wayne,1
19187,Webster,1
19189,Winnebago,1
19191,Winneshiek,1
19193,Woodbury,10
19195,Worth,1
19197,Wright,1
20000,Kansas,1
20001,Allen,1
20003,Anderson,1
20005,Atchison,1
20007,Barber,1
20009,Barton,1
20011,Bourbon,1
20013,Brown,20
20015,Butler,1
20017,Chase,1
20019,Chautauqua,1
20021,Cherokee,1
20023,Cheyenne,1
20025,Clark,1
20027,Clay,1
20029,Cloud,1
20031,Coffey,1
20033,Comanche,30
20035,Cowley,1
20037,Crawford,1
20039,Decatur,1
20041,Dickinson,1
20043,Doniphan,1
20045,Douglas,1
20047,Edwards,1
20049,Elk,1
20051,Ellis,1
20053,Ellsworth,10
20055,Finney,1
20057,Ford,1
20059,Franklin,1
20061,Geary,1
20063,Gove,1
20065,Graham,1
20067,Grant,1
20069,Gray,1
20071,Greeley,1
20073,Greenwood,20
20075,Hamilton,1
20077,Harper,1
20079,Harvey,1
20081,Haskell,1
20083,Hodgeman,1
20085,Jackson,1
20087,Jefferson,1
20089,Jewell,1
20091,Johnson,1
20093,Kearny,30
20095,Kingman,1
20097,Kiowa,1
20099,Labette,1
20101,Lane,1
20103,Leavenworth,1
20105,Lincoln,1
20107,Linn,1
20109,Logan,1
20111,Lyon,1
20113,McPherson,10
20115,Marion,1
20117,Marshall,1
20119,Meade,1
20121,Miami,12
20123,Mitchell,1
20125,Montgomery,1
20127,Morris,1
20129,Morton,1
20131,Nemaha,1
20133,Neosho,20
20135,Ness,1
20137,Norton,1
20139,Osage,1
20141,Osborne,1
20143,Ottawa,1
20145,Pawnee,1
20147,Phillips,1
20149,Pottawatomie,1
20151,Pratt,1
20153,Rawlins,30
20155,Reno,1
20157,Republic,1
20159,Rice,1
20161,Riley,1
20163,Rooks,1
20165,Rush,1
20167,Russell,1
20169,Saline,1
20171,Scott,2
20173,Sedgwick,10
20175,Seward,1
20177,Shawnee,1
20179,Sheridan,1
20181,Sherman,1
20183,Smith,1
20185,Stafford,1
20187,Stanton,1
20189,Stevens,1
20191,Sumner,1
20193,Thomas,20
20195,Trego,1
20197,Wabaunsee,1
20199,Wallace,1
20201,Washington,1
20203,Wichita,1
20205,Wilson,1
20207,Woodson,1
20209,Wyandotte,1
21000,Kentucky,1
21001,Adair,30
21003,Allen,1
21005,Anderson,1
21007,Ballard,1
21009,Barren,1
21011,Bath,1
21013,Bell,1
21015,Boone,1
21017,Bourbon,1
21019,Boyd,1
21021,Boyle,10
21023,Bracken,1
21025,Breathitt,1
21027,Breckinridge,1
21029,Bullitt,1
21031,Butler,1
21033,Caldwell,1
21035,Calloway,1
21037,Campbell,1
21039,Carlisle,1
21041,Carroll,20
21043,Carter,1
21045,Casey,1
21047,Christian,1
21049,Clark,1
21051,Clay,1
21053,Clinton,1
21055,Crittenden,1
21057,Cumberland,1
21059,Daviess,1
21061,Edmonson,30
21063,Elliott,1
21065,Estill,1
21067,Fayette,1
21069,Fleming,1
21071,Floyd,1
21073,Franklin,1
21075,Fulton,1
21077,Gallatin,1
21079,Garrard,1
21081,Grant,10
21083,Graves,1
21085,Grayson,1
21087,Green,1
21089,Greenup,1
21091,Hancock,1
21093,Hardin,1
21095,Harlan,1
21097,Harrison,1
21099,Hart,1
21101,Henderson,20
21103,Henry,1
21105,Hickman,1
21107,Hopkins,1
21109,Jackson,1
21111,Jefferson,1
21113,Jessamine,1
21115,Johnson,1
21117,Kenton,1
21119,Knott,1
21121,Knox,30
21123,Larue,1
21125,Laurel,1
21127,Lawrence,1
21129,Lee,1
21131,Leslie,1
21133,Letcher,1
21135,Lewis,1
21137,Lincoln,1
21139,Livingston,1
21141,Logan,10
21143,Lyon,1
21145,McCracken,1
21147,McCreary,1
21149,McLean,1
21151,Madison,1
21153,Magoffin,1
21155,Marion,1
21157,Marshall,1
21159,Martin,1
21161,Mason,20
21163,Meade,1
21165,Menifee,1
21167,Mercer,1
21169,Metcalfe,1
21171,Monroe,1
21173,Montgomery,1
21175,Morgan,1
21177,Muhlenberg,1
21179,Nelson,1
21181,Nicholas,30
21183,Ohio,1
21185,Oldham,1
21187,Owen,1
21189,Owsley,1
21191,Pendleton,1
21193,Perry,1
21195,Pike,1
21197,Powell,1
21199,Pulaski,1
21201,Robertson,10
21203,Rockcastle,1
21205,Rowan,1
21207,Russell,1
21209,Scott,2
21211,Shelby,1
21213,Simpson,1
21215,Spencer,1
21217,Taylor,1
21219,Todd,1
21221,Trigg,20
21223,Trimble,1
21225,Union,1
21227,Warren,1
21229,Washington,1
21231,Wayne,1
21233,Webster,1
21235,Whitley,1
21237,Wolfe,1
21239,Woodford,1
22000,Louisiana,30
22001,Acadia,1
22003,Allen,1
22005,Ascension,1
22007,Assumption,1
22009,Avoyelles,1
22011,Beauregard,1
22013,Bienville,1
22015,Bossier,1
22017,Caddo,1
22019,Calcasieu,10
22021,Caldwell,1
22023,Cameron,1
22025,Catahoula,1
22027,Claiborne,1
22029,Concordia,1
22031,De Soto,1
22033,East Baton Rouge,1
22035,East Carroll,1
22037,East Feliciana,1
22039,Evangeline,20
22041,Franklin,1
22043,Grant,1
22045,Iberia,1
22047,Iberville,1
22049,Jackson,1
22051,Jefferson,1
22053,Jefferson Davis,1
22055,Lafayette,1
22057,Lafourche,1
22059,La Salle,30
22061,Lincoln,1
22063,Livingston,1
22065,Madison,1
22067,Morehouse,1
22069,Natchitoches,1
22071,Orleans,1
22073,Ouachita,1
22075,Plaquemines,1
22077,Pointe Coupee,1
22079,Rapides,10
22081,Red River,1
22083,Richland,1
22085,Sabine,1
22087,St. Bernard,1
22089,St. Charles,1
22091,St. Helena,1
22093,St. James,1
22095,St. John the Baptist,1
22097,St. Landry,1
22099,St. Martin,20
22101,St. Mary,1
22103,St. Tammany,1
22105,Tangipahoa,1
22107,Tensas,1
22109,Terrebonne,1
22111,Union,1
22113,Vermilion,1
22115,Vernon,1
22117,Washington,1
22119,Webster,30
22121,West Baton Rouge,1
22123,West Carroll,1
22125,West Feliciana,1
22127,Winn,1
23000,Maine,1
23001,Androscoggin,1
23003,Aroostook,1
23005,Cumberland,1
23007,Franklin,1
23009,Hancock,10
23011,Kennebec,1
23013,Knox,1
23015,Lincoln,1
23017,Oxford,1
23019,Penobscot,1
23021,Piscataquis,1
23023,Sagadahoc,1
23025,Somerset,1
23027,Waldo,1
23029,Washington,20
23031,York,1
24000,Maryland,1
24001,Allegany,1
24003,Anne Arundel,1
24005,Baltimore,1
24009,Calvert,1
24011,Caroline,1
24013,Carroll,1
24015,Cecil,1
24017,Charles,30
24019,Dorchester,1
24021,Frederick,1
24023,Garrett,1
24025,Harford,1
24027,Howard,1
24029,Kent,1
24031,Montgomery,1
24033,Prince George's,1
24035,Queen Anne's,1
24037,St. Mary's,10
24039,Somerset,1
24041,Talbot,1
24043,Washington,1
24045,Wicomico,1
24047,Worcester,1
24510,Baltimore city,1
25000,Massachusetts,1
25001,Barnstable,1
25003,Berkshire,1
25005,Bristol,20
25007,Dukes,1
25009,Essex,1
25011,Franklin,1
25013,Hampden,1
25015,Hampshire,1
25017,Middlesex,1
25019,Nantucket,1
25021,Norfolk,1
25023,Plymouth,1
25025,Suffolk,30
25027,Worcester,1
26000,Michigan,1
26001,Alcona,1
26003,Alger,1
26005,Allegan,1
26007,Alpena,1
26009,Antrim,1
26011,Arenac,1
26013,Baraga,1
26015,Barry,10
26017,Bay,1
26019,Benzie,1
26021,Berrien,1
26023,Branch,1
26025,Calhoun,1
26027,Cass,1
26029,Charlevoix,1
26031,Cheboygan,1
26033,Chippewa,1
26035,Clare,20
26037,Clinton,1
26039,Crawford,1
26041,Delta,1
26043,Dickinson,1
26045,Eaton,1
26047,Emmet,1
26049,Genesee,1
26051,Gladwin,1
26053,Gogebic,1
26055,Grand Traverse,30
26057,Gratiot,1
26059,Hillsdale,1
26061,Houghton,1
26063,Huron,1
26065,Ingham,1
26067,Ionia,1
26069,Iosco,1
26071,Iron,1
26073,Isabella,1
26075,Jackson,10
26077,Kalamazoo,1
26079,Kalkaska,1
26081,Kent,1
26083,Keweenaw,1
26085,Lake,1
26087,Lapeer,1
26089,Leelanau,1
26091,Lenawee,1
26093,Livingston,1
26095,Luce,20
26097,Mackinac,1
26099,Macomb,2
26101,Manistee,1
26103,Marquette,1
26105,Mason,1
26107,Mecosta,1
26109,Menominee,1
26111,Midland,1
26113,Missaukee,1
26115,Monroe,30
26117,Montcalm,1
26119,Montmorency,1
26121,Muskegon,1
26123,Newaygo,1
26125,Oakland,2
26127,Oceana,1
26129,Ogemaw,1
26131,Ontonagon,1
26133,Osceola,1
26135,Oscoda,10
26137,Otsego,1
26139,Ottawa,1
26141,Presque Isle,1
26143,Roscommon,1
26145,Saginaw,1
26147,St. Clair,1
26149,St. Joseph,1
26151,Sanilac,1
26153,Schoolcraft,1
26155,Shiawassee,20
26157,Tuscola,1
26159,Van Buren,1
26161,Washtenaw,1
26163,Wayne,1
26165,Wexford,1
27000,Minnesota,1
27001,Aitkin,1
27003,Anoka,1
27005,Becker,1
27007,Beltrami,30
27009,Benton,1
27011,Big Stone,1
27013,Blue Earth,1
27015,Brown,1
27017,Carlton,1
27019,Carver,1
27021,Cass,1
27023,Chippewa,1
27025,Chisago,1
27027,Clay,10
27029,Clearwater,1
27031,Cook,1
27033,Cottonwood,1
27035,Crow Wing,1
27037,Dakota,14
27039,Dodge,1
27041,Douglas,1
27043,Faribault,1
27045,Fillmore,1
27047,Freeborn,20
27049,Goodhue,1
27051,Grant,1
27053,Hennepin,2
27055,Houston,1
27057,Hubbard,1
27059,Isanti,1
27061,Itasca,1
27063,Jackson,1
27065,Kanabec,1
27067,Kandiyohi,30
27069,Kittson,1
27071,Koochiching,1
27073,Lac qui Parle,1
27075,Lake,1
27077,Lake of the Woods,1
27079,Le Sueur,1
27081,Lincoln,1
27083,Lyon,1
27085,McLeod,1
27087,Mahnomen,10
27089,Marshall,1
27091,Martin,1
27093,Meeker,1
27095,Mille Lacs,1
27097,Morrison,1
27099,Mower,1
27101,Murray,1
27103,Nicollet,1
27105,Nobles,1
27107,Norman,20
27109,Olmsted,1
27111,Otter Tail,1
27113,Pennington,1
27115,Pine,1
27117,Pipestone,1
27119,Polk,1
27121,Pope,1
27123,Ramsey,1
27125,Red Lake,1
27127,Redwood,30
27129,Renville,1
27131,Rice,1
27133,Rock,1
27135,Roseau,1
27137,St. Louis,1
27139,Scott,2
27141,Sherburne,1
27143,Sibley,1
27145,Stearns,1
27147,Steele,10
27149,Stevens,1
27151,Swift,1
27153,Todd,1
27155,Traverse,1
27157,Wabasha,1
27159,Wadena,1
27161,Waseca,1
27163,Washington,1
27165,Watonwan,1
27167,Wilkin,20
27169,Winona,1
27171,Wright,1
27173,Yellow Medicine,1
28000,Mississippi,1
28001,Adams,1
28003,Alcorn,1
28005,Amite,1
28007,Attala,1
28009,Benton,1
28011,Bolivar,30
28013,Calhoun,1
28015,Carroll,1
28017,Chickasaw,1
28019,Choctaw,1
28021,Claiborne,1
28023,Clarke,1
28025,Clay,1
28027,Coahoma,1
28029,Copiah,1
28031,Covington,10
28033,DeSoto,1
28035,Forrest,1
28037,Franklin,1
28039,George,1
28041,Greene,1
28043,Grenada,1
28045,Hancock,1
28047,Harrison,1
28049,Hinds,1
28051,Holmes,20
28053,Humphreys,1
28055,Issaquena,1
28057,Itawamba,1
28059,Jackson,1
28061,Jasper,1
28063,Jefferson,1
28065,Jefferson Davis,1
28067,Jones,1
28069,Kemper,1
28071,Lafayette,30
28073,Lamar,1
28075,Lauderdale,1
28077,Lawrence,1
28079,Leake,1
28081,Lee,1
28083,Leflore,1
28085,Lincoln,1
28087,Lowndes,1
28089,Madison,1
28091,Marion,10
28093,Marshall,1
28095,Monroe,1
28097,Montgomery,1
28099,Neshoba,1
28101,Newton,1
28103,Noxubee,1
28105,Oktibbeha,1
28107,Panola,1
28109,Pearl River,1
28111,Perry,20
28113,Pike,1
28115,Pontotoc,1
28117,Prentiss,1
28119,Quitman,1
28121,Rankin,1
28123,Scott,2
28125,Sharkey,1
28127,Simpson,1
28129,Smith,1
28131,Stone,30
28133,Sunflower,1
28135,Tallahatchie,1
28137,Tate,1
28139,Tippah,1
28141,Tishomingo,1
28143,Tunica,1
28145,Union,1
28147,Walthall,1
28149,Warren,1
28151,Washington,10
28153,Wayne,1
28155,Webster,1
28157,Wilkinson,1
28159,Winston,1
28161,Yalobusha,1
28163,Yazoo,1
29000,Missouri,1
29001,Adair,1
29003,Andrew,1
29005,Atchison,20
29007,Audrain,1
29009,Barry,1
29011,Barton,1
29013,Bates,1
29015,Benton,1
29017,Bollinger,1
29019,Boone,1
29021,Buchanan,1
29023,Butler,1
29025,Caldwell,30
29027,Callaway,1
29029,Camden,1
29031,Cape Girardeau,1
29033,Carroll,1
29035,Carter,1
29037,Cass,1
29039,Cedar,1
29041,Chariton,1
29043,Christian,1
29045,Clark,10
29047,Clay,1
29049,Clinton,1
29051,Cole,1
29053,Cooper,1
29055,Crawford,1
29057,Dade,1
29059,Dallas,1
29061,Daviess,1
29063,De Kalb,1
29065,Dent,20
29067,Douglas,1
29069,Dunklin,1
29071,Franklin,1
29073,Gasconade,1
29075,Gentry,1
29077,Greene,1
29079,Grundy,1
29081,Harrison,1
29083,Henry,1
29085,Hickory,30
29087,Holt,1
29089,Howard,1
29091,Howell,1
29093,Iron,1
29095,Jackson,1
29097,Jasper,1
29099,Jefferson,1
29101,Johnson,1
29103,Knox,1
29105,Laclede,10
29107,Lafayette,1
29109,Lawrence,1
29111,Lewis,1
29113,Lincoln,1
29115,Linn,1
29117,Livingston,1
29119,McDonald,1
29121,Macon,1
29123,Madison,1
29125,Maries,20
29127,Marion,1
29129,Mercer,1
29131,Miller,1
29133,Mississippi,1
29135,Moniteau,1
29137,Monroe,1
29139,Montgomery,1
29141,Morgan,1
29143,New Madrid,1
29145,Newton,30
29147,Nodaway,1
29149,Oregon,1
29151,Osage,1
29153,Ozark,1
29155,Pemiscot,1
29157,Perry,1
29159,Pettis,1
29161,Phelps,1
29163,Pike,1
29165,Platte,10
29167,Polk,1
29169,Pulaski,1
29171,Putnam,1
29173,Ralls,1
29175,Randolph,1
29177,Ray,1
29179,Reynolds,1
29181,Ripley,1
29183,St. Charles,1
29185,St. Clair,20
29186,Ste. Genevieve,1
29187,St. Francois,1
29189,St. Louis,1
29195,Saline,1
29197,Schuyler,1
29199,Scotland,1
29201,Scott,2
29203,Shannon,1
29205,Shelby,1
29207,Stoddard,30
29209,Stone,1
29211,Sullivan,1
29213,Taney,1
29215,Texas,1
29217,Vernon,1
29219,Warren,1
29221,Washington,1
29223,Wayne,1
29225,Webster,1
29227,Worth,10
29229,Wright,1
29510,St. Louis city,1
30000,Montana,1
30001,Beaverhead,1
30003,Big Horn,1
30005,Blaine,1
30007,Broadwater,1
30009,Carbon,1
30011,Carter,1
30013,Cascade,20
30015,Chouteau,1
30017,Custer,1
30019,Daniels,1
30021,Dawson,1
30023,Deer Lodge,1
30025,Fallon,1
30027,Fergus,1
30029,Flathead,1
30031,Gallatin,1
30033,Garfield,30
30035,Glacier,1
30037,Golden Valley,1
30039,Granite,1
30041,Hill,1
30043,Jefferson,1
30045,Judith Basin,1
30047,Lake,1
30049,Lewis and Clark,1
30051,Liberty,1
30053,Lincoln,10
30055,McCone,1
30057,Madison,1
30059,Meagher,1
30061,Mineral,1
30063,Missoula,1
30065,Musselshell,1
30067,Park,1
30069,Petroleum,1
30071,Phillips,20
30073,Pondera,1
30075,Powder River,1
30077,Powell,1
30079,Prairie,1
30081,Ravalli,1
30083,Richland,1
30085,Roosevelt,1
30087,Rosebud,1
30089,Sanders,1
30091,Sheridan,1
30093,Silver Bow,30
30095,Stillwater,1
30097,Sweet Grass,1
30099,Teton,1
30101,Toole,1
30103,Treasure,1
30105,Valley,1
30107,Wheatland,1
30109,Wibaux,1
30111,Yellowstone,1
30113,Yellowstone National Park,10
31000,Nebraska,1
31001,Adams,1
31003,Antelope,1
31005,Arthur,1
31007,Banner,1
31009,Blaine,1
31011,Boone,1
31013,Box Butte,1
31015,Boyd,1
31017,Brown,20
31019,Buffalo,1
31021,Burt,1
31023,Butler,1
31025,Cass,1
31027,Cedar,1
31029,Chase,1
31031,Cherry,1
31033,Cheyenne,1
31035,Clay,1
31037,Colfax,30
31039,Cuming,1
31041,Custer,1
31043,Dakota,14
31045,Dawes,1
31047,Dawson,1
31049,Deuel,1
31051,Dixon,1
31053,Dodge,1
31055,Douglas,1
31057,Dundy,10
31059,Fillmore,1
31061,Franklin,1
31063,Frontier,1
31065,Furnas,1
31067,Gage,1
31069,Garden,1
31071,Garfield,1
31073,Gosper,1
31075,Grant,1
31077,Greeley,20
31079,Hall,1
31081,Hamilton,1
31083,Harlan,1
31085,Hayes,1
31087,Hitchcock,1
31089,Holt,1
31091,Hooker,1
31093,Howard,1
31095,Jefferson,1
31097,Johnson,30
31099,Kearney,1
31101,Keith,1
31103,Keya Paha,1
31105,Kimball,1
31107,Knox,1
31109,Lancaster,1
31111,Lincoln,1
31113,Logan,1
31115,Loup,1
31117,McPherson,10
31119,Madison,1
31121,Merrick,1
31123,Morrill,1
31125,Nance,1
31127,Nemaha,1
31129,Nuckolls,1
31131,Otoe,1
31133,Pawnee,1
31135,Perkins,1
31137,Phelps,20
31139,Pierce,1
31141,Platte,1
31143,Polk,1
31145,Red Willow,1
31147,Richardson,1
31149,Rock,1
31151,Saline,1
31153,Sarpy,1
31155,Saunders,1
31157,Scotts Bluff,30
31159,Seward,1
31161,Sheridan,1
31163,Sherman,1
31165,Sioux,1
31167,Stanton,1
31169,Thayer,1
31171,Thomas,1
31173,Thurston,1
31175,Valley,1
31177,Washington,10
31179,Wayne,1
31181,Webster,1
31183,Wheeler,1
31185,York,1
32000,Nevada,1
32001,Churchill,1
32003,Clark,1
32005,Douglas,1
32007,Elko,1
32009,Esmeralda,20
32011,Eureka,1
32013,Humboldt,1
32015,Lander,1
32017,Lincoln,1
32019,Lyon,1
32021,Mineral,1
32023,Nye,1
32027,Pershing,1
32029,Storey,1
32031,Washoe,30
32033,White Pine,1
32510,Carson City,1
33000,New Hampshire,1
33001,Belknap,1
33003,Carroll,1
33005,Cheshire,1
33007,Coos,1
33009,Grafton,1
33011,Hillsborough,1
33013,Merrimack,10
33015,Rockingham,1
33017,Strafford,1
33019,Sullivan,1
34000,New Jersey,1
34001,Atlantic,1
34003,Bergen,1
34005,Burlington,1
34007,Camden,1
34009,Cape May,1
34011,Cumberland,20
34013,Essex,1
34015,Gloucester,1
34017,Hudson,1
34019,Hunterdon,1
34021,Mercer,1
34023,Middlesex,1
34025,Monmouth,1
34027,Morris,1
34029,Ocean,1
34031,Passaic,30
34033,Salem,1
34035,Somerset,1
34037,Sussex,1
34039,Union,1
34041,Warren,1
35000,New Mexico,1
35001,Bernalillo,1
35003,Catron,1
35005,Chaves,1
35006,Cibola,10
35007,Colfax,1
35009,Curry,1
35011,De Baca,1
35013,Dona Ana,1
35015,Eddy,1
35017,Grant,1
35019,Guadalupe,1
35021,Harding,1
35023,Hidalgo,1
35025,Lea,20
35027,Lincoln,1
35028,Los Alamos,1
35029,Luna,1
35031,McKinley,1
35033,Mora,1
35035,Otero,1
35037,Quay,1
35039,Rio Arriba,1
35041,Roosevelt,1
35043,Sandoval,30
35045,San Juan,1
35047,San Miguel,1
35049,Santa Fe,1
35051,Sierra,1
35053,Socorro,1
35055,Taos,1
35057,Torrance,1
35059,Union,1
35061,Valencia,1
36000,New York,10
36001,Albany,1
36003,Allegany,1
36005,Bronx,1
36007,Broome,1
36009,Cattaraugus,1
36011,Cayuga,1
36013,Chautauqua,1
36015,Chemung,1
36017,Chenango,1
36019,Clinton,20
36021,Columbia,1
36023,Cortland,1
36025,Delaware,1
36027,Dutchess,1
36029,Erie,1
36031,Essex,1
36033,Franklin,1
36035,Fulton,1
36037,Genesee,1
36039,Greene,30
36041,Hamilton,1
36043,Herkimer,1
36045,Jefferson,1
36047,Kings,1
36049,Lewis,1
36051,Livingston,1
36053,Madison,1
36055,Monroe,1
36057,Montgomery,1
36059,Nassau,10
36061,New York,4
36063,Niagara,1
36065,Oneida,1
36067,Onondaga,1
36069,Ontario,1
36071,Orange,1
36073,Orleans,1
36075,Oswego,1
36077,Otsego,1
36079,Putnam,20
36081,Queens,1
36083,Rensselaer,1
36085,Richmond,1
36087,Rockland,1
36089,St. Lawrence,1
36091,Saratoga,1
36093,Schenectady,1
36095,Schoharie,1
36097,Schuyler,1
36099,Seneca,30
36101,Steuben,1
36103,Suffolk,1
36105,Sullivan,1
36107,Tioga,1
36109,Tompkins,1
36111,Ulster,1
36113,Warren,1
36115,Washington,1
36117,Wayne,1
36119,Westchester,10
36121,Wyoming,1
36123,Yates,1
37000,North Carolina,1
37001,Alamance,1
37003,Alexander,1
37005,Alleghany,1
37007,Anson,1
37009,Ashe,1
37011,Avery,1
37013,Beaufort,20
37015,Bertie,1
37017,Bladen,1
37019,Brunswick,1
37021,Buncombe,1
37023,Burke,1
37025,Cabarrus,1
37027,Caldwell,1
37029,Camden,1
37031,Carteret,1
37033,Caswell,30
37035,Catawba,1
37037,Chatham,1
37039,Cherokee,1
37041,Chowan,1
37043,Clay,1
37045,Cleveland,1
37047,Columbus,1
37049,Craven,1
37051,Cumberland,1
37053,Currituck,10
37055,Dare,1
37057,Davidson,1
37059,Davie,1
37061,Duplin,1
37063,Durham,1
37065,Edgecombe,1
37067,Forsyth,1
37069,Franklin,1
37071,Gaston,1
37073,Gates,20
37075,Graham,1
37077,Granville,1
37079,Greene,1
37081,Guilford,1
37083,Halifax,1
37085,Harnett,1
37087,Haywood,1
37089,Henderson,1
37091,Hertford,1
37093,Hoke,30
37095,Hyde,1
37097,Iredell,1
37099,Jackson,1
37101,Johnston,1
37103,Jones,1
37105,Lee,1
37107,Lenoir,1
37109,Lincoln,1
37111,McDowell,1
37113,Macon,10
37115,Madison,1
37117,Martin,1
37119,Mecklenburg,1
37121,Mitchell,1
37123,Montgomery,1
37125,Moore,1
37127,Nash,1
37129,New Hanover,1
37131,Northampton,1
37133,Onslow,20
37135,Orange,1
37137,Pamlico,1
37139,Pasquotank,1
37141,Pender,1
37143,Perquimans,1
37145,Person,1
37147,Pitt,1
37149,Polk,1
37151,Randolph,1
37153,Richmond,30
37155,Robeson,1
37157,Rockingham,1
37159,Rowan,1
37161,Rutherford,1
37163,Sampson,1
37165,Scotland,1
37167,Stanly,1
37169,Stokes,1
37171,Surry,1
37173,Swain,10
37175,Transylvania,1
37177,Tyrrell,1
37179,Union,1
37181,Vance,1
37183,Wake,1
37185,Warren,1
37187,Washington,1
37189,Watauga,1
37191,Wayne,1
37193,Wilkes,20
37195,Wilson,1
37197,Yadkin,1
37199,Yancey,1
38000,North Dakota,14
38001,Adams,1
38003,Barnes,1
38005,Benson,1
38007,Billings,1
38009,Bottineau,1
38011,Bowman,30
38013,Burke,1
38015,Burleigh,1
38017,Cass,1
38019,Cavalier,1
38021,Dickey,1
38023,Divide,1
38025,Dunn,1
38027,Eddy,1
38029,Emmons,1
38031,Foster,10
38033,Golden Valley,1
38035,Grand Forks,1
38037,Grant,1
38039,Griggs,1
38041,Hettinger,1
38043,Kidder,1
38045,La Moure,1
38047,Logan,1
38049,McHenry,1
38051,McIntosh,20
38053,McKenzie,1
38055,McLean,1
38057,Mercer,1
38059,Morton,1
38061,Mountrail,1
38063,Nelson,1
38065,Oliver,1
38067,Pembina,1
38069,Pierce,1
38071,Ramsey,30
38073,Ransom,1
38075,Renville,1
38077,Richland,1
38079,Rolette,1
38081,Sargent,1
38083,Sheridan,1
38085,Sioux,1
38087,Slope,1
38089,Stark,1
38091,Steele,10
38093,Stutsman,1
38095,Towner,1
38097,Traill,1
38099,Walsh,1
38101,Ward,1
38103,Wells,1
38105,Williams,1
39000,Ohio,1
39001,Adams,1
39003,Allen,20
39005,Ashland,1
39007,Ashtabula,1
39009,Athens,1
39011,Auglaize,1
39013,Belmont,1
39015,Brown,1
39017,Butler,1
39019,Carroll,1
39021,Champaign,1
39023,Clark,30
39025,Clermont,1
39027,Clinton,1
39029,Columbiana,1
39031,Coshocton,1
39033,Crawford,1
39035,Cuyahoga,1
39037,Darke,1
39039,Defiance,1
39041,Delaware,1
39043,Erie,10
39045,Fairfield,1
39047,Fayette,1
39049,Franklin,1
39051,Fulton,1
39053,Gallia,1
39055,Geauga,1
39057,Greene,1
39059,Guernsey,1
39061,Hamilton,1
39063,Hancock,20
39065,Hardin,1
39067,Harrison,1
39069,Henry,1
39071,Highland,1
39073,Hocking,1
39075,Holmes,1
39077,Huron,1
39079,Jackson,1
39081,Jefferson,1
39083,Knox,30
39085,Lake,1
39087,Lawrence,1
39089,Licking,1
39091,Logan,1
39093,Lorain,1
39095,Lucas,1
39097,Madison,1
39099,Mahoning,1
39101,Marion,1
39103,Medina,10
39105,Meigs,1
39107,Mercer,1
39109,Miami,12
39111,Monroe,1
39113,Montgomery,1
39115,Morgan,1
39117,Morrow,1
39119,Muskingum,1
39121,Noble,1
39123,Ottawa,20
39125,Paulding,1
39127,Perry,1
39129,Pickaway,1
39131,Pike,1
39133,Portage,1
39135,Preble,1
39137,Putnam,1
39139,Richland,1
39141,Ross,1
39143,Sandusky,30
39145,Scioto,1
39147,Seneca,1
39149,Shelby,1
39151,Stark,1
39153,Summit,1
39155,Trumbull,1
39157,Tuscarawas,1
39159,Union,1
39161,Van Wert,1
39163,Vinton,10
39165,Warren,1
39167,Washington,1
39169,Wayne,1
39171,Williams,1
39173,Wood,1
39175,Wyandot,1
40000,Oklahoma,1
40001,Adair,1
40003,Alfalfa,1
40005,Atoka,20
40007,Beaver,1
40009,Beckham,1
40011,Blaine,1
40013,Bryan,1
40015,Caddo,1
40017,Canadian,1
40019,Carter,1
40021,Cherokee,1
40023,Choctaw,1
40025,Cimarron,30
40027,Cleveland,1
40029,Coal,1
40031,Comanche,1
40033,Cotton,1
40035,Craig,1
40037,Creek,1
40039,Custer,1
40041,Delaware,1
40043,Dewey,1
40045,Ellis,10
40047,Garfield,1
40049,Garvin,1
40051,Grady,1
40053,Grant,1
40055,Greer,1
40057,Harmon,1
40059,Harper,1
40061,Haskell,1
40063,Hughes,1
40065,Jackson,20
40067,Jefferson,1
40069,Johnston,1
40071,Kay,1
40073,Kingfisher,1
40075,Kiowa,1
40077,Latimer,1
40079,Le Flore,1
40081,Lincoln,1
40083,Logan,1
40085,Love,30
40087,McClain,1
40089,McCurtain,1
40091,McIntosh,1
40093,Major,1
40095,Marshall,1
40097,Mayes,1
40099,Murray,1
40101,Muskogee,1
40103,Noble,1
40105,Nowata,10
40107,Okfuskee,1
40109,Oklahoma,1
40111,Okmulgee,1
40113,Osage,1
40115,Ottawa,1
40117,Pawnee,1
40119,Payne,1
40121,Pittsburg,1
40123,Pontotoc,1
40125,Pottawatomie,20
40127,Pushmataha,1
40129,Roger Mills,1
40131,Rogers,1
40133,Seminole,1
40135,Sequoyah,1
40137,Stephens,1
40139,Texas,1
40141,Tillman,1
40143,Tulsa,1
40145,Wagoner,30
40147,Washington,1
40149,Washita,1
40151,Woods,1
40153,Woodward,1
41000,Oregon,1
41001,Baker,1
41003,Benton,1
41005,Clackamas,1
41007,Clatsop,1
41009,Columbia,10
41011,Coos,1
41013,Crook,1
41015,Curry,1
41017,Deschutes,1
41019,Douglas,1
41021,Gilliam,1
41023,Grant,1
41025,Harney,1
41027,Hood River,1
41029,Jackson,20
41031,Jefferson,1
41033,Josephine,1
41035,Klamath,1
41037,Lake,1
41039,Lane,1
41041,Lincoln,1
41043,Linn,1
41045,Malheur,1
41047,Marion,1
41049,Morrow,30
41051,Multnomah,1
41053,Polk,1
41055,Sherman,1
41057,Tillamook,1
41059,Umatilla,1
41061,Union,1
41063,Wallowa,1
41065,Wasco,1
41067,Washington,1
41069,Wheeler,10
41071,Yamhill,1
42000,Pennsylvania,1
42001,Adams,1
42003,Allegheny,1
42005,Armstrong,1
42007,Beaver,1
42009,Bedford,1
42011,Berks,1
42013,Blair,1
42015,Bradford,20
42017,Bucks,1
42019,Butler,1
42021,Cambria,1
42023,Cameron,1
42025,Carbon,1
42027,Centre,1
42029,Chester,1
42031,Clarion,1
42033,Clearfield,1
42035,Clinton,30
42037,Columbia,1
42039,Crawford,1
42041,Cumberland,1
42043,Dauphin,1
42045,Delaware,1
42047,Elk,1
42049,Erie,1
42051,Fayette,1
42053,Forest,1
42055,Franklin,10
42057,Fulton,1
42059,Greene,1
42061,Huntingdon,1
42063,Indiana,1
42065,Jefferson,1
42067,Juniata,1
42069,Lackawanna,1
42071,Lancaster,1
42073,Lawrence,1
42075,Lebanon,20
42077,Lehigh,1
42079,Luzerne,1
42081,Lycoming,1
42083,McKean,1
42085,Mercer,1
42087,Mifflin,1
42089,Monroe,1
42091,Montgomery,1
42093,Montour,1
42095,Northampton,30
42097,Northumberland,1
42099,Perry,1
42101,Philadelphia,1
42103,Pike,1
42105,Potter,1
42107,Schuylkill,1
42109,Snyder,1
42111,Somerset,1
42113,Sullivan,1
42115,Susquehanna,10
42117,Tioga,1
42119,Union,1
42121,Venango,1
42123,Warren,1
42125,Washington,1
42127,Wayne,1
42129,Westmoreland,1
42131,Wyoming,1
42133,York,1
44000,Rhode Island,20
44001,Bristol,1
44003,Kent,1
44005,Newport,1
44007,Providence,1
44009,Washington,1
45000,South Carolina,1
45001,Abbeville,1
45003,Aiken,1
45005,Allendale,1
45007,Anderson,30
45009,Bamberg,1
45011,Barnwell,1
45013,Beaufort,1
45015,Berkeley,1
45017,Calhoun,1
45019,Charleston,1
45021,Cherokee,1
45023,Chester,1
45025,Chesterfield,1
45027,Clarendon,10
45029,Colleton,1
45031,Darlington,1
45033,Dillon,1
45035,Dorchester,1
45037,Edgefield,1
45039,Fairfield,1
45041,Florence,1
45043,Georgetown,1
45045,Greenville,1
45047,Greenwood,20
45049,Hampton,1
45051,Horry,1
45053,Jasper,1
45055,Kershaw,1
45057,Lancaster,1
45059,Laurens,1
45061,Lee,1
45063,Lexington,1
45065,McCormick,1
45067,Marion,30
45069,Marlboro,1
45071,Newberry,1
45073,Oconee,1
45075,Orangeburg,1
45077,Pickens,1
45079,Richland,1
45081,Saluda,1
45083,Spartanburg,1
45085,Sumter,1
45087,Union,10
45089,Williamsburg,1
45091,York,1
46000,South Dakota,14
46003,Aurora,1
46005,Beadle,1
46007,Bennett,1
46009,Bon Homme,1
46011,Brookings,1
46013,Brown,1
46015,Brule,20
46017,Buffalo,1
46019,Butte,1
46021,Campbell,1
46023,Charles Mix,1
46025,Clark,1
46027,Clay,1
46029,Codington,1
46031,Corson,1
46033,Custer,1
46035,Davison,30
46037,Day,1
46039,Deuel,1
46041,Dewey,1
46043,Douglas,1
46045,Edmunds,1
46047,Fall River,1
46049,Faulk,1
46051,Grant,1
46053,Gregory,1
46055,Haakon,10
46057,Hamlin,1
46059,Hand,1
46061,Hanson,1
46063,Harding,1
46065,Hughes,1
46067,Hutchinson,1
46069,Hyde,1
46071,Jackson,1
46073,Jerauld,1
46075,Jones,20
46077,Kingsbury,1
46079,Lake,1
46081,Lawrence,1
46083,Lincoln,1
46085,Lyman,1
46087,McCook,1
46089,McPherson,1
46091,Marshall,1
46093,Meade,1
46095,Mellette,30
46097,Miner,1
46099,Minnehaha,1
46101,Moody,1
46103,Pennington,1
46105,Perkins,1
46107,Potter,1
46109,Roberts,1
46111,Sanborn,1
46113,Shannon,1
46115,Spink,10
46117,Stanley,1
46119,Sully,1
46121,Todd,1
46123,Tripp,1
46125,Turner,1
46127,Union,1
46129,Walworth,1
46135,Yankton,1
46137,Ziebach,1
47000,Tennessee,20
47001,Anderson,1
47003,Bedford,1
47005,Benton,1
47007,Bledsoe,1
47009,Blount,1
47011,Bradley,1
47013,Campbell,1
47015,Cannon,1
47017,Carroll,1
47019,Carter,30
47021,Cheatham,1
47023,Chester,1
47025,Claiborne,1
47027,Clay,1
47029,Cocke,1
47031,Coffee,1
47033,Crockett,1
47035,Cumberland,1
47037,Davidson,1
47039,Decatur,10
47041,DeKalb,1
47043,Dickson,1
47045,Dyer,1
47047,Fayette,1
47049,Fentress,1
47051,Franklin,1
47053,Gibson,1
47055,Giles,1
47057,Grainger,1
47059,Greene,20
47061,Grundy,1
47063,Hamblen,1
47065,Hamilton,1
47067,Hancock,1
47069,Hardeman,1
47071,Hardin,1
47073,Hawkins,1
47075,Haywood,1
47077,Henderson,1
47079,Henry,30
47081,Hickman,1
47083,Houston,1
47085,Humphreys,1
47087,Jackson,1
47089,Jefferson,1
47091,Johnson,1
47093,Knox,1
47095,Lake,1
47097,Lauderdale,1
47099,Lawrence,10
47101,Lewis,1
47103,Lincoln,1
47105,Loudon,1
47107,McMinn,1
47109,McNairy,1
47111,Macon,1
47113,Madison,1
47115,Marion,1
47117,Marshall,1
47119,Maury,20
47121,Meigs,1
47123,Monroe,1
47125,Montgomery,1
47127,Moore,1
47129,Morgan,1
47131,Obion,1
47133,Overton,1
47135,Perry,1
47137,Pickett,1
47139,Polk,30
47141,Putnam,1
47143,Rhea,1
47145,Roane,1
47147,Robertson,1
47149,Rutherford,1
47151,Scott,2
47153,Sequatchie,1
47155,Sevier,1
47157,Shelby,1
47159,Smith,10
47161,Stewart,1
47163,Sullivan,1
47165,Sumner,1
47167,Tipton,1
47169,Trousdale,1
47171,Unicoi,1
47173,Union,1
47175,Van Buren,1
47177,Warren,1
47179,Washington,20
47181,Wayne,1
47183,Weakley,1
47185,White,1
47187,Williamson,1
47189,Wilson,1
48000,Texas,1
48001,Anderson,1
48003,Andrews,1
48005,Angelina,1
48007,Aransas,30
48009,Archer,1
48011,Armstrong,1
48013,Atascosa,1
48015,Austin,1
48017,Bailey,1
48019,Bandera,1
48021,Bastrop,1
48023,Baylor,1
48025,Bee,1
48027,Bell,10
48029,Bexar,1
48031,Blanco,1
48033,Borden,1
48035,Bosque,1
48037,Bowie,1
48039,Brazoria,1
48041,Brazos,1
48043,Brewster,1
48045,Briscoe,1
48047,Brooks,20
48049,Brown,1
48051,Burleson,1
48053,Burnet,1
48055,Caldwell,1
48057,Calhoun,1
48059,Callahan,1
48061,Cameron,1
48063,Camp,1
48065,Carson,1
48067,Cass,30
48069,Castro,1
48071,Chambers,1
48073,Cherokee,1
48075,Childress,1
48077,Clay,1
48079,Cochran,1
48081,Coke,1
48083,Coleman,1
48085,Collin,1
48087,Collingsworth,10
48089,Colorado,1
48091,Comal,1
48093,Comanche,1
48095,Concho,1
48097,Cooke,1
48099,Coryell,1
48101,Cottle,1
48103,Crane,1
48105,Crockett,1
48107,Crosby,20
48109,Culberson,1
48111,Dallam,1
48113,Dallas,1
48115,Dawson,1
48117,Deaf Smith,1
48119,Delta,1
48121,Denton,1
48123,De Witt,1
48125,Dickens,1
48127,Dimmit,30
48129,Donley,1
48131,Duval,1
48133,Eastland,1
48135,Ector,1
48137,Edwards,1
48139,Ellis,1
48141,El Paso,1
48143,Erath,1
48145,Falls,1
48147,Fannin,10
48149,Fayette,1
48151,Fisher,1
48153,Floyd,1
48155,Foard,1
48157,Fort Bend,1
48159,Franklin,1
48161,Freestone,1
48163,Frio,1
48165,Gaines,1
48167,Galveston,20
48169,Garza,1
48171,Gillespie,1
48173,Glasscock,1
48175,Goliad,1
48177,Gonzales,1
48179,Gray,1
48181,Grayson,1
48183,Gregg,1
48185,Grimes,1
48187,Guadalupe,30
48189,Hale,1
48191,Hall,1
48193,Hamilton,1
48195,Hansford,1
48197,Hardeman,1
48199,Hardin,1
48201,Harris,1
48203,Harrison,1
48205,Hartley,1
48207,Haskell,10
48209,Hays,1
48211,Hemphill,1
48213,Henderson,1
48215,Hidalgo,1
48217,Hill,1
48219,Hockley,1
48221,Hood,1
48223,Hopkins,1
48225,Houston,1
48227,Howard,20
48229,Hudspeth,1
48231,Hunt,1
48233,Hutchinson,1
48235,Irion,1
48237,Jack,1
48239,Jackson,1
48241,Jasper,1
48243,Jeff Davis,1
48245,Jefferson,1
48247,Jim Hogg,30
48249,Jim Wells,1
48251,Johnson,1
48253,Jones,1
48255,Karnes,1
48257,Kaufman,1
48259,Kendall,1
48261,Kenedy,1
48263,Kent,1
48265,Kerr,1
48267,Kimble,10
48269,King,1
48271,Kinney,1
48273,Kleberg,1
48275,Knox,1
48277,Lamar,1
48279,Lamb,1
48281,Lampasas,1
48283,La Salle,1
48285,Lavaca,1
48287,Lee,20
48289,Leon,1
48291,Liberty,1
48293,Limestone,1
48295,Lipscomb,1
48297,Live Oak,1
48299,Llano,1
48301,Loving,1
48303,Lubbock,1
48305,Lynn,1
48307,McCulloch,30
48309,McLennan,1
48311,McMullen,1
48313,Madison,1
48315,Marion,1
48317,Martin,1
48319,Mason,1
48321,Matagorda,1
48323,Maverick,1
48325,Medina,1
48327,Menard,10
48329,Midland,1
48331,Milam,1
48333,Mills,1
48335,Mitchell,1
48337,Montague,1
48339,Montgomery,1
48341,Moore,1
48343,Morris,1
48345,Motley,1
48347,Nacogdoches,20
48349,Navarro,1
48351,Newton,1
48353,Nolan,1
48355,Nueces,1
48357,Ochiltree,1
48359,Oldham,1
48361,Orange,1
48363,Palo Pinto,1
48365,Panola,1
48367,Parker,30
48369,Parmer,1
48371,Pecos,1
48373,Polk,1
48375,Potter,1
48377,Presidio,1
48379,Rains,1
48381,Randall,1
48383,Reagan,1
48385,Real,1
48387,Red River,10
48389,Reeves,1
48391,Refugio,1
48393,Roberts,1
48395,Robertson,1
48397,Rockwall,1
48399,Runnels,1
48401,Rusk,1
48403,Sabine,1
48405,San Augustine,1
48407,San Jacinto,20
48409,San Patricio,1
48411,San Saba,1
48413,Schleicher,1
48415,Scurry,1
48417,Shackelford,1
48419,Shelby,1
48421,Sherman,1
48423,Smith,1
48425,Somervell,1
48427,Starr,30
48429,Stephens,1
48431,Sterling,1
48433,Stonewall,1
48435,Sutton,1
48437,Swisher,1
48439,Tarrant,1
48441,Taylor,1
48443,Terrell,1
48445,Terry,1
48447,Throckmorton,10
48449,Titus,1
48451,Tom Green,1
48453,Travis,1
48455,Trinity,1
48457,Tyler,1
48459,Upshur,1
48461,Upton,1
48463,Uvalde,1
48465,Val Verde,1
48467,Van Zandt,20
48469,Victoria,1
48471,Walker,1
48473,Waller,1
48475,Ward,1
48477,Washington,1
48479,Webb,1
48481,Wharton,1
48483,Wheeler,1
48485,Wichita,1
48487,Wilbarger,30
48489,Willacy,1
48491,Williamson,1
48493,Wilson,1
48495,Winkler,1
48497,Wise,1
48499,Wood,1
48501,Yoakum,1
48503,Young,1
48505,Zapata,1
48507,Zavala,10
49000,Utah,1
49001,Beaver,1
49003,Box Elder,1
49005,Cache,1
49007,Carbon,1
49009,Daggett,1
49011,Davis,1
49013,Duchesne,1
49015,Emery,1
49017,Garfield,20
49019,Grand,1
49021,Iron,1
49023,Juab,1
49025,Kane,1
49027,Millard,1
49029,Morgan,1
49031,Piute,1
49033,Rich,1
49035,Salt Lake,1
49037,San Juan,30
49039,Sanpete,1
49041,Sevier,1
49043,Summit,1
49045,Tooele,1
49047,Uintah,1
49049,Utah,1
49051,Wasatch,1
49053,Washington,1
49055,Wayne,1
49057,Weber,10
50000,Vermont,1
50001,Addison,1
50003,Bennington,1
50005,Caledonia,1
50007,Chittenden,1
50009,Essex,1
50011,Franklin,1
50013,Grand Isle,1
50015,Lamoille,1
50017,Orange,20
50019,Orleans,1
50021,Rutland,1
50023,Washington,1
50025,Windham,1
50027,Windsor,1
51000,Virginia,1
51001,Accomack,1
51003,Albemarle,1
51005,Alleghany,1
51007,Amelia,30
51009,Amherst,1
51011,Appomattox,1
51013,Arlington,1
51015,Augusta,1
51017,Bath,1
51019,Bedford,1
51021,Bland,1
51023,Botetourt,1
51025,Brunswick,1
51027,Buchanan,10
51029,Buckingham,1
51031,Campbell,1
51033,Caroline,1
51035,Carroll,1
51036,Charles City,1
51037,Charlotte,1
51041,Chesterfield,1
51043,Clarke,1
51045,Craig,1
51047,Culpeper,20
51049,Cumberland,1
51051,Dickenson,1
51053,Dinwiddie,1
51057,Essex,1
51059,Fairfax,1
51061,Fauquier,1
51063,Floyd,1
51065,Fluvanna,1
51067,Franklin,1
51069,Frederick,30
51071,Giles,1
51073,Gloucester,1
51075,Goochland,1
51077,Grayson,1
51079,Greene,1
51081,Greensville,1
51083,Halifax,1
51085,Hanover,1
51087,Henrico,1
51089,Henry,10
51091,Highland,1
51093,Isle of Wight,1
51095,James City,1
51097,King and Queen,1
51099,King George,1
51101,King William,1
51103,Lancaster,1
51105,Lee,1
51107,Loudoun,1
51109,Louisa,20
51111,Lunenburg,1
51113,Madison,1
51115,Mathews,1
51117,Mecklenburg,1
51119,Middlesex,1
51121,Montgomery,1
51125,Nelson,1
51127,New Kent,1
51131,Northampton,1
51133,Northumberland,30
51135,Nottoway,1
51137,Orange,1
51139,Page,1
51141,Patrick,1
51143,Pittsylvania,1
51145,Powhatan,1
51147,Prince Edward,1
51149,Prince George,1
51153,Prince William,1
51155,Pulaski,10
51157,Rappahannock,1
51159,Richmond,1
51161,Roanoke,1
51163,Rockbridge,1
51165,Rockingham,1
51167,Russell,1
51169,Scott,2
51171,Shenandoah,1
51173,Smyth,1
51175,Southampton,20
51177,Spotsylvania,1
51179,Stafford,1
51181,Surry,1
51183,Sussex,1
51185,Tazewell,1
51187,Warren,1
51191,Washington,1
51193,Westmoreland,1
51195,Wise,1
51197,Wythe,30
51199,York,1
51510,Alexandria,1
51515,Bedford,1
51520,Bristol,1
51530,Buena Vista,1
51540,Charlottesville,1
51550,Chesapeake,1
51560,Clifton Forge,1
51570,Colonial Heights,1
51580,Covington,10
51590,Danville,1
51595,Emporia,1
51600,Fairfax,1
51610,Falls Church,1
51620,Franklin,1
51630,Fredericksburg,1
51640,Galax,1
51650,Hampton,1
51660,Harrisonburg,1
51670,Hopewell,20
51678,Lexington,1
51680,Lynchburg,1
51683,Manassas,1
51685,Manassas Park,1
51690,Martinsville,1
51700,Newport News,1
51710,Norfolk,1
51720,Norton,1
51730,Petersburg,1
51735,Poquoson,30
51740,Portsmouth,1
51750,Radford,1
51760,Richmond,1
51770,Roanoke,1
51775,Salem,1
51780,South Boston,1
51790,Staunton,1
51800,Suffolk,1
51810,Virginia Beach,1
51820,Waynesboro,10
51830,Williamsburg,1
51840,Winchester,1
53000,Washington,1
53001,Adams,1
53003,Asotin,1
53005,Benton,1
53007,Chelan,1
53009,Clallam,1
53011,Clark,1
53013,Columbia,20
53015,Cowlitz,1
53017,Douglas,1
53019,Ferry,1
53021,Franklin,1
53023,Garfield,1
53025,Grant,1
53027,Grays Harbor,1
53029,Island,1
53031,Jefferson,1
53033,King,30
53035,Kitsap,1
53037,Kittitas,1
53039,Klickitat,1
53041,Lewis,1
53043,Lincoln,1
53045,Mason,1
53047,Okanogan,1
53049,Pacific,1
53051,Pend Oreille,1
53053,Pierce,10
53055,San Juan,1
53057,Skagit,1
53059,Skamania,1
53061,Snohomish,1
53063,Spokane,1
53065,Stevens,1
53067,Thurston,1
53069,Wahkiakum,1
53071,Walla Walla,1
53073,Whatcom,20
53075,Whitman,1
53077,Yakima,1
54000,West Virginia,1
54001,Barbour,1
54003,Berkeley,1
54005,Boone,1
54007,Braxton,1
54009,Brooke,1
54011,Cabell,1
54013,Calhoun,30
54015,Clay,1
54017,Doddridge,1
54019,Fayette,1
54021,Gilmer,1
54023,Grant,1
54025,Greenbrier,1
54027,Hampshire,1
54029,Hancock,1
54031,Hardy,1
54033,Harrison,10
54035,Jackson,1
54037,Jefferson,1
54039,Kanawha,1
54041,Lewis,1
54043,Lincoln,1
54045,Logan,1
54047,McDowell,1
54049,Marion,1
54051,Marshall,1
54053,Mason,20
54055,Mercer,1
54057,Mineral,1
54059,Mingo,1
54061,Monongalia,1
54063,Monroe,1
54065,Morgan,1
54067,Nicholas,1
54069,Ohio,1
54071,Pendleton,1
54073,Pleasants,30
54075,Pocahontas,1
54077,Preston,1
54079,Putnam,1
54081,Raleigh,1
54083,Randolph,1
54085,Ritchie,1
54087,Roane,1
54089,Summers,1
54091,Taylor,1
54093,Tucker,10
54095,Tyler,1
54097,Upshur,1
54099,Wayne,1
54101,Webster,1
54103,Wetzel,1
54105,Wirt,1
54107,Wood,1
54109,Wyoming,1
55000,Wisconsin,1
55001,Adams,20
55003,Ashland,1
55005,Barron,1
55007,Bayfield,1
55009,Brown,1
55011,Buffalo,1
55013,Burnett,1
55015,Calumet,1
55017,Chippewa,1
55019,Clark,1
55021,Columbia,30
55023,Crawford,1
55025,Dane,1
55027,Dodge,1
55029,Door,1
55031,Douglas,1
55033,Dunn,1
55035,Eau Claire,1
55037,Florence,1
55039,Fond du Lac,1
55041,Forest,10
55043,Grant,1
55045,Green,1
55047,Green Lake,1
55049,Iowa,1
55051,Iron,1
55053,Jackson,1
55055,Jefferson,1
55057,Juneau,1
55059,Kenosha,1
55061,Kewaunee,20
55063,La Crosse,1
55065,Lafayette,1
55067,Langlade,1
55069,Lincoln,1
55071,Manitowoc,1
55073,Marathon,1
55075,Marinette,1
55077,Marquette,1
55078,Menominee,1
55079,Milwaukee,30
55081,Monroe,1
55083,Oconto,1
55085,Oneida,1
55087,Outagamie,1
55089,Ozaukee,1
55091,Pepin,1
55093,Pierce,1
55095,Polk,1
55097,Portage,1
55099,Price,10
55101,Racine,1
55103,Richland,1
55105,Rock,1
55107,Rusk,1
55109,St. Croix,1
55111,Sauk,1
55113,Sawyer,1
55115,Shawano,1
55117,Sheboygan,1
55119,Taylor,20
55121,Trempealeau,1
55123,Vernon,1
55125,Vilas,1
55127,Walworth,1
55129,Washburn,1
55131,Washington,1
55133,Waukesha,1
55135,Waupaca,1
55137,Waushara,1
55139,Winnebago,30
55141,Wood,1
56000,Wyoming,1
56001,Albany,1
56003,Big Horn,1
56005,Campbell,1
56007,Carbon,1
56009,Converse,1
56011,Crook,1
56013,Fremont,1
56015,Goshen,10
56017,Hot Springs,1
56019,Johnson,1
56021,Laramie,1
56023,Lincoln,1
56025,Natrona,1
56027,Niobrara,1
56029,Park,1
56031,Platte,1
56033,Sheridan,1
56035,Sublette,20
56037,Sweetwater,1
56039,Teton,1
56041,Uinta,1
56043,Washakie,1
56045,Weston,1
60000,America Somoa,1
60010,Eastern,1
60020,Manu'a,1
60030,Rose Island,1
60040,Swains Island,30
60050,Western,1
64000,Federated States of Micronesia,1
64002,Chuuk,1
64005,Kosrae,1
64040,Pohnpeit,1
64060,Yap,1
66000,Guam,1
66010,Guam,1
68000,Marshall Islands,1
68007,Ailinginae,10
68010,Ailinglaplap,1
68030,Ailuk,1
68040,Arno,1
68050,Aur,1
68060,Bikar,1
68070,Bikini,1
68073,Bokak,1
68080,Ebon,1
68090,Enewetak,1
68100,Erikub,20
68110,Jabat,1
68120,Jaluit,1
68130,Jemo,1
68140,Kili,1
68150,Kwajalein,1
68160,Lae,1
68170,Lib,1
68180,Likiep,1
68190,Majuro,1
68300,Maloelap,30
68310,Mejit,1
68320,Mili,1
68330,Namorik,1
68340,Namu,1
68350,Rongelap,1
68360,Rongrik,1
68385,Toke,1
68390,Ujae,1
68400,Ujelang,1
68410,Utrik,10
68420,Wotho,1
68430,Wotle,1
69000,Northern Mariana Islands,1
69085,Northern Islands,1
69100,Rota,1
69110,Saipan,1
69120,Tinian,1
70000,Palau,1
70002,Aimeliik,1
70004,Airai,20
70212,Melekeok,1
70214,Ngaraard,1
70227,Ngernmlengui,1
70228,Ngiwal,1
72000,Puerto Rico,1
72001,Adjuntas,1
72003,Aguada,1
72005,Aguadilla,1
72007,Aguas Buenas,1
72009,Aibonito,30
72011,Anasco,1
72013,Arecibo,1
72015,Arroyo,1
72017,Barceloneta,1
72019,Barranquitas,1
72021,Bayamo'n,1
72023,Cabo Rojo,1
72025,Caguas,1
72027,Camuy,1
72029,Canovanas,10
72031,Carolina,1
72033,Catano,1
72035,Cayey,1
72037,Ceiba,1
72041,Cidra,1
72043,Coamo,1
72045,Comerio,1
72047,Corozal,1
72049,Culebra,1
72051,Dorado,20
72053,Fajardo,1
72054,Florida,1
72055,Guanica,1
72057,Guayama,1
72059,Guayanilla,1
72061,Guaynabo,1
72063,Gurabo,1
72065,Hatillo,1
72067,Hormigueros,1
72069,Humacao,30
72071,Isabela,1
72073,Jayuya,1
72075,Juana Diaz,1
72077,Juncos,1
72079,Lajas,1
72081,Lares,1
72083,Las Marias,1
72085,Las Piedras,1
72087,Loiza,1
72089,Luquillo,10
72091,Manati,1
72093,Maricao,1
72097,Mayaguez,1
72099,Moca,1
72101,Morovis,1
72103,Naguabo,1
72105,Naranjito,1
72107,Orocovis,1
72109,Patillas,1
72111,Penuelas,20
72113,Ponce,1
72115,Quebradillas,1
72117,Rincon,1
72119,Rio Grande,1
72121,Sabana Grande,1
72123,Salinas,1
72125,San German,1
72127,San Juan,1
72129,San Lorenzo,1
72131,San Sebastian,30
72133,Santa Isabel,1
72135,Toa Alta,1
72137,Toa Baja,1
72139,Trujillo Alto,1
72141,Utuado,1
72143,Vega Alta,1
72145,Vega Baja,1
72147,Vieques,1
72149,Villalba,1
72151,Yabucoa,10
72153,Yauco,1
74000,U.S. Minor Outlying Islands,1
74050,Baker Island,1
74100,Howland Island,1
74150,Jarvis Island,1
74200,Johnston Island,1
74250,Kingman Reef,1
74300,Midway Islands,1
74350,Navassa Island,1
74400,Palmyra Atoll,20
74450,Wake Island,1
78000,Virgin Islands of the United States,1
78010,Angaur,1
78010,St. Croix,1
78020,St. John,1
78030,St. Thomas,1
78050,Hatoboheit,1
78100,Kayangel,1
78150,Koror,1
78218,Ngarchelong,30
78222,Ngardmau,1
78224,Ngatpang,1
78226,Ngchesar,1
78350,Peleliu,1
78370,Sonsorol,1